epoch,time,train/loss,metrics/accuracy_top1,metrics/accuracy_top5,val/loss,lr/pg0,lr/pg1,lr/pg2
1,1366.23,0.78263,0.86873,0.99853,0.36974,0.000277598,0.000277598,0.000277598
2,2688.06,0.40287,0.84267,0.99889,0.36753,0.000372028,0.000372028,0.000372028
3,3987.95,0.32337,0.81121,0.99963,0.3952,0.000283197,0.000283197,0.000283197
