相机名,模型,宽,高,gamma1,gamma2,u0,v0,k1,k2
left_front_100,MEI,1920,1080,5480.464875990463,5494.362887794268,988.3073088048009,532.8123625513393,1.4412767079892956,33.340214144227545
